slug,status_live,content_type,category,title,venue_name,place,zone,start_date,end_date,recurrence,url,booking_url,summary,tags,visitor_appeal_score,family_friendly,hero_image_src,sitemap_exclude
alba-fire-and-ice-sessions,staging,event,wellness,Alba Thermal Springs  -  Fire & Ice Circuits,alba-thermal-springs,red-hill,,2026-04-18,2026-04-30,seasonal,https://peninsulainsider.com.au/whats-on/alba-fire-and-ice-sessions/,https://albathermalsprings.com.au/book,"The quieter Peninsula thermal complex is running a limited April Fire & Ice circuit series, with silent sessions and sunrise slots that make the category make sense again.",,,,/images/sourced/spa-alba-thermal-springs-01.webp,True
anzac-day-sorrento-dawn,live,event,civic,ANZAC Day Dawn Service  -  Sorrento Memorial,,sorrento,,2026-04-25,2026-04-25,annual,https://peninsulainsider.com.au/whats-on/anzac-day-sorrento-dawn/,,"The Peninsula's most quietly moving civic event. A dawn service at the Sorrento memorial, a community breakfast at the RSL, and a village that drops its tourist costume for a morning.",,,,/images/sourced/place-sorrento-01.webp,False
autumn-winery-walk-2026,live,event,food-wine,Autumn Winery Walk 2026,St Georges Anglican Church Carpark,red-hill,,2026-05-09,2026-05-09,annual,https://peninsulainsider.com.au/whats-on/autumn-winery-walk-2026/,https://events.humanitix.com/winery-walk-autumn-2026,"Guided 10 km walk along the historic rail trail from Red Hill to Merricks, passing five wineries (Lindenderry, Foxeys Hangout, Paringa Estate, Stonier, and finishing at Merricks General Store with Baillieu and Elgee Park). Includes tastings and canapés along the route; light lunch at finish. Return ",,5,False,/images/sourced/category-winery-02.webp,False
bass-flinders-gin-masterclass,live,event,food-wine,Bass & Flinders Gin Masterclass,Bass & Flinders Distillery,dromana,,2026-05-01,2027-04-30,weekly,https://peninsulainsider.com.au/whats-on/bass-flinders-gin-masterclass/,https://www.bassandflindersdistillery.com/pages/events,Weekly Gin Masterclass at Bass & Flinders Distillery. Participants learn the history of gin; the distillation process; and techniques to create their own bespoke gin recipe. Includes cheese platter and G&T. Each guest leaves with a 500ml bottle of their own signature gin blend. Led by resident Gin E,,,False,/images/sourced/category-brewery-01.webp,False
boneo-community-market,live,event,market,Boneo Community Market,Boneo Recreation Reserve,,,2026-05-16,2026-05-16,monthly,https://peninsulainsider.com.au/whats-on/boneo-community-market/,,"Mornington Peninsula's longest-running volunteer-operated community market. Held every third Saturday of the month year-round in all weather. 'Make it, Grow it, Bake it' philosophy. Homemade/homegrown produce, craft, art, plants, food. Animal farm and face painters for kids; live music buskers. Proc",,,True,/images/sourced/category-market-02.webp,False
briars-eco-explorers-autumn,live,event,nature,The Briars  -  Eco Explorers Autumn Sessions,,mount-martha,,2026-04-13,2026-04-15,seasonal,https://peninsulainsider.com.au/whats-on/briars-eco-explorers-autumn/,https://www.mornpen.vic.gov.au,"Council-run wildlife and bushland programming for families, tucked inside 230 hectares of wetlands, forest, and a working historic homestead. Free, underpublished, genuinely good.",,,,/images/sourced/explore-greens-bush-01.webp,False
chocolaterie-junior-chocolatier,live,event,family-programs,Mornington Peninsula Chocolates  -  Junior Chocolatier Class,mornington-peninsula-chocolates,flinders,,2026-04-11,2026-04-20,seasonal,https://peninsulainsider.com.au/whats-on/chocolaterie-junior-chocolatier/,https://morningtonpeninsulachocolates.com.au,"A school-holidays workshop for kids 6-12 who want to actually make something edible, then eat it. Two hours, one apron, an entire Peninsula afternoon rescued.",,,,/images/sourced/category-cafe-02.webp,False
coastrek-mornington-peninsula-2026,live,event,racing-sport,Coastrek Mornington Peninsula 2026,Point Nepean National Park,portsea,,2026-05-22,2026-05-22,one-off,https://peninsulainsider.com.au/whats-on/coastrek-mornington-peninsula-2026/,,"Team hiking challenge supporting Beyond Blue mental health. Choose 20km (Sorrento to Point Nepean), 30km (Point Nepean loop), or 50km (Cape Schanck to Point Nepean). Teams of 2 or more. Coastal bush trails and clifftop tracks. 6am start.",,,False,/images/sourced/explore-greens-bush-01.webp,False
crib-point-community-market,live,event,market,Crib Point Community Market,Crib Point Community Hall,,,2026-05-09,2026-05-09,monthly,https://peninsulainsider.com.au/whats-on/crib-point-community-market/,,Community market at Crib Point every second Saturday of the month. Spirit of community support and inclusion; promotes locally made handcrafted products and local produce.,,4,True,,False
crittenden-wines-king-s-birthday-wine-weekend-events,live,event,cellar-door,Crittenden Wines — King's Birthday Wine Weekend Events,Crittenden Wines,dromana,,2026-06-06,2026-06-08,annual,https://peninsulainsider.com.au/whats-on/crittenden-wines-king-s-birthday-wine-weekend-events/,,Crittenden Wines participates in the King's Birthday Winter Wine Weekend with special cellar door events at both the Red Hill Showgrounds (Winter Wine Festival) and Crittenden winery in Dromana. Activities include in-depth seated tastings of 25+ wine styles; new restaurant (opened Oct 2025); and Lak,,,False,/images/sourced/category-winery-04.webp,False
dromana-community-market,live,event,market,Dromana Community Market,Dromana Park,dromana,,2026-05-30,2026-05-30,monthly,https://peninsulainsider.com.au/whats-on/dromana-community-market/,,"Community market at Dromana Park on the last Saturday of every month. Mix of produce, craft, plants and local makers.",,4,True,,False
emu-plains-market-balnarring,live,event,market,Emu Plains Market — Balnarring,Emu Plains Reserve,balnarring,,2026-05-16,2026-05-16,monthly,https://peninsulainsider.com.au/whats-on/emu-plains-market-balnarring/,,"Monthly artisan market at Emu Plains Reserve (Coolart Road, Balnarring). Showcases craft, design, vintage, music, and food. Family and community favourite under stringybark gums.",,3,True,/images/sourced/category-market-01.webp,False
emu-plains-market,live,event,market,Emu Plains Market,Emu Plains Reserve,balnarring,,2026-10-17,2026-10-17,monthly,https://peninsulainsider.com.au/whats-on/emu-plains-market/,,"Monthly artisan market at Emu Plains Reserve Balnarring. For lovers of craft, design, vintage, music and food. Seasonal schedule October–April (day market 9am–2pm) plus June and August dates. Site of the Womin Djeka cultural festival. Volunteer-run community hub.",,,True,,False
flinders-hotel-mothers-day-2026,live,event,food-wine,Mother's Day at Flinders Hotel,Flinders Hotel,flinders,,2026-05-10,2026-05-10,annual,https://peninsulainsider.com.au/whats-on/flinders-hotel-mothers-day-2026/,,"A family-shaped Mother's Day booking in Flinders: lunch from 10:30am with live jazz, face painting and a raffle gift hamper built into the day.",,5,True,/images/sourced/venue-flinders-hotel-01.webp,False
flinders-truffles-winter-truffle-hunt-season,live,event,nature,Flinders Truffles — Winter Truffle Hunt Season,Flinders Truffles,flinders,,2026-06-01,2026-08-31,one-off,https://peninsulainsider.com.au/whats-on/flinders-truffles-winter-truffle-hunt-season/,,Flinders Truffles runs guided truffle hunts on their Flinders farm during winter (June–August). Participants walk through oak fields with truffle dogs to forage for Périgord black truffles. Includes truffle soup and truffle cheese toastie by the fire. Farmgate days allow purchase of fresh truffles a,,,True,/images/sourced/category-producer-04.webp,False
foxeys-hangout-vegetable-feast-morning-sun-vineyard,live,event,food-wine,Foxeys Hangout Vegetable Feast (Morning Sun Vineyard),Foxeys Hangout / Morning Sun Vineyard,,,2026-05-01,2027-04-30,ongoing,https://peninsulainsider.com.au/whats-on/foxeys-hangout-vegetable-feast-morning-sun-vineyard/,,All-vegetable feast by chef Bernard McCarthy at Morning Sun Vineyard in Main Ridge. Multi-course seasonal vegetarian meal with all matched Foxeys Hangout wines. $85pp. Recurring series (specific dates vary). Sample menu: pumpkin risotto grown at Kentucky Road vineyard. Intimate outdoor setting at a ,,,False,/images/sourced/category-producer-03.webp,False
harry-baker-2k-sailing-regatta,live,event,racing-sport,Harry Baker 2K Sailing Regatta,Sorrento Sailing Couta Boat Club,sorrento,,2026-05-30,2026-05-30,one-off,https://peninsulainsider.com.au/whats-on/harry-baker-2k-sailing-regatta/,,Annual sailing regatta hosted by Sorrento Sailing Couta Boat Club. Signature short coastal race from Sorrento foreshore. Part of the club's active summer–autumn racing calendar.,,,False,,False
hastings-thursday-street-market,live,event,market,Hastings Thursday Street Market,High Street Hastings,hastings,,2026-05-07,2027-04-29,weekly,https://peninsulainsider.com.au/whats-on/hastings-thursday-street-market/,,"Weekly outdoor street market on High Street Hastings every Thursday. 40+ stalls featuring homemade, homegrown and craft goods. Fresh produce, handmade goods, plants. Local food options available on the street.",,5,True,/images/sourced/category-market-02.webp,False
heart-of-the-community-market-rosebud,live,event,market,Heart of the Community Market (Rosebud),Rosebud Foreshore Reserve,rosebud,,2026-05-09,2026-05-09,monthly,https://peninsulainsider.com.au/whats-on/heart-of-the-community-market-rosebud/,,"Community market at Rosebud on the second Saturday of the month. Approximately 160 stalls with craft, handmade and new products, fresh produce and plants. No used goods policy. Located near Rosebud foreshore.",,,True,/images/sourced/category-market-01.webp,False
hill-ridge-community-market-september-2026-restart,live,event,market,Hill & Ridge Community Market — September 2026 (Restart),Red Hill Recreation Reserve,red-hill,,2026-09-05,2026-09-05,monthly,https://peninsulainsider.com.au/whats-on/hill-ridge-community-market-september-2026-restart/,,"First market of the 2026–2027 season restart at Red Hill Recreation Reserve. Monthly artisan market celebrating local food, wine, produce, crafts and community. Fresh local products; food stalls; winemaker presence and artisan wares.",,,True,,False
jetty-road-brewery-mothers-day-2026,live,event,food-wine,Mother's Day at Jetty Road Brewery,Jetty Road Brewery,dromana,,2026-05-10,2026-05-10,annual,https://peninsulainsider.com.au/whats-on/jetty-road-brewery-mothers-day-2026/,,"A looser Mother's Day option in Dromana, running from 11am to 9pm and better suited to families who want the day to feel easy rather than ceremonial.",,3,True,/images/sourced/category-brewery-01.webp,False
main-street-mornington-festival-2026,live,event,community,Main Street Mornington Festival 2026,Main Street Mornington,mornington,,2026-10-18,2026-10-18,annual,https://peninsulainsider.com.au/whats-on/main-street-mornington-festival-2026/,,"Annual free community festival on Mornington's iconic Main Street. Free all-ages event with 7 stages and performance areas, live music, local wine, craft beer, food stalls, local produce, artisan crafts, kids activities, and roving performers. Runs 11 am–5 pm on the third Sunday of October. Note: 20",,4,True,/images/sourced/category-market-01.webp,False
michael-vale-exhibition-at-mprg,live,event,exhibition,Michael Vale Exhibition at MPRG,Mornington Peninsula Regional Gallery,mornington,,2026-02-28,2026-05-31,annual,https://peninsulainsider.com.au/whats-on/michael-vale-exhibition-at-mprg/,,Solo exhibition by artist Michael Vale at Mornington Peninsula Regional Gallery. Runs concurrently with New Wave 26 exhibition. Open Saturday–Sunday 11 am–4 pm.,,2,True,,False
moonlit-sanctuary-easter-program,live,event,family-programs,Moonlit Sanctuary  -  Easter School Holiday Program,,mornington,,2026-04-10,2026-04-27,seasonal,https://peninsulainsider.com.au/whats-on/moonlit-sanctuary-easter-program/,https://moonlitsanctuary.com.au,"Twenty-five years of conservation programming, wildlife encounters, and the most genuine family outing on the Peninsula that isn't a beach.",,,,/images/sourced/article-kids-peninsula-01.webp,False
mornington-christmas-festival-main-street-christmas-parade,live,event,community,Mornington Christmas Festival & Main Street Christmas Parade,Main Street Mornington,mornington,,2026-12-20,2026-12-23,annual,https://peninsulainsider.com.au/whats-on/mornington-christmas-festival-main-street-christmas-parade/,,"Annual Christmas celebration in Mornington. Christmas Parade at 1pm on Main Street (roving brass band, hip hop dancers, workshop elves, roller skating Christmas tree and baubles, Mr & Mrs Claus). Santa meet-and-greet 1:30–4pm on parade day. Santa on Main Street strip 4–7pm on 21–23 Dec. Free communi",,,True,,False
mornington-cup-2026,live,event,racing-sport,Mornington Cup 2026,,mornington,,2026-04-18,2026-04-18,annual,https://peninsulainsider.com.au/whats-on/mornington-cup-2026/,https://www.countryracing.com.au/mornington,"Eight races at Mornington Racecourse — Saturday 18 April 2026. The Peninsula's biggest raceday: a marquee lawn, food trucks that mean it, and a town that takes the afternoon off.",,,,/images/sourced/explore-mornington-foreshore-01.webp,False
mornington-king-s-birthday-race-day,live,event,racing-sport,Mornington King's Birthday Race Day,Mornington Racecourse,mornington,,2026-06-08,2026-06-08,one-off,https://peninsulainsider.com.au/whats-on/mornington-king-s-birthday-race-day/,https://mrc.racing.com/calendar/2026/06/08/mornington-kings-birthday,"Annual King's Birthday public holiday thoroughbred race day at Mornington Racecourse. Feature races, on-course entertainment, betting facilities, dining packages. Picturesque coastal setting racecourse on the Peninsula.",,,True,,False
mornington-peninsula-regional-gallery-school-holiday-workshops,live,event,family-programs,Mornington Peninsula Regional Gallery – School Holiday Workshops,Mornington Peninsula Regional Gallery,mornington,,2026-07-01,2026-07-10,ongoing,https://peninsulainsider.com.au/whats-on/mornington-peninsula-regional-gallery-school-holiday-workshops/,,"Free and low-cost school holiday art workshops at Mornington Peninsula Regional Gallery. Recurring program of workshops for children (8+), teens and families. Includes hands-on art activities, artist-led sessions connected to current exhibitions. January 2026 confirmed workshop with artist Dominic W",,,True,,False
mornington-peninsula-winter-wine-weekend-2026,live,event,food-wine,Mornington Peninsula Winter Wine Weekend 2026,Red Hill Showgrounds (centrepiece),red-hill,,2026-06-06,2026-06-08,one-off,https://peninsulainsider.com.au/whats-on/mornington-peninsula-winter-wine-weekend-2026/,https://www.mornpen.vic.gov.au/Events-Activities/Winter-Wine-Weekend,"Three-day annual celebration of Mornington Peninsula food and wine over King's Birthday long weekend. Launch event: Winter Wine Festival at Red Hill Showgrounds Saturday 6 June 11am–4pm – dozens of wineries, 120+ premium wines, branded Riedel glass and food. Sunday & Monday: cellar door events, long",,,False,/images/sourced/category-winery-03.webp,False
mornington-peninsula-winter-wine-weekend-winter-wine-festival,live,event,food-wine,Mornington Peninsula Winter Wine Weekend — Winter Wine Festival,Red Hill Showgrounds (Pavilions),red-hill,,2026-06-06,2026-06-08,annual,https://peninsulainsider.com.au/whats-on/mornington-peninsula-winter-wine-weekend-winter-wine-festival/,https://events.humanitix.com/winter-wine-festival,"Annual showcase of Mornington Peninsula's cool-climate wines over the King's Birthday long weekend. Centrepiece event: Winter Wine Festival at Red Hill Showgrounds — taste 35 wineries and 150 wines, with a RIEDEL tasting glass included, plus masterclasses, food, and live music. Broader weekend inclu",,5,False,/images/sourced/category-winery-01.webp,False
mornington-racecourse-market-may-2026,live,event,market,Mornington Racecourse Market — May 2026,Mornington Racecourse,mornington,,2026-05-10,2026-05-10,monthly,https://peninsulainsider.com.au/whats-on/mornington-racecourse-market-may-2026/,,Cancelled: the Mornington Racecourse Market scheduled for Sunday 10 May 2026 will not go ahead due to a race day at the racecourse.,,3,True,/images/sourced/category-market-01.webp,False
mornington-racecourse-market,live,event,market,Mornington Racecourse Market,Mornington Racecourse,mornington,,2026-06-14,2026-06-14,monthly,https://peninsulainsider.com.au/whats-on/mornington-racecourse-market/,,"Monthly craft market at Mornington Racecourse. 300+ stalls of hand-made, home-made and Australian-designed goods. Street food vendors, live music, animal farm and face painting for kids. Parking $5. Dogs not permitted (service dogs exempt).",,,True,/images/sourced/category-market-02.webp,False
mornington-racecourse-monthly-market-june-2026,live,event,market,Mornington Racecourse Monthly Market — June 2026,Mornington Racecourse,mornington,,2026-06-14,2026-06-14,monthly,https://peninsulainsider.com.au/whats-on/mornington-racecourse-monthly-market-june-2026/,,"Monthly market at Mornington Racecourse featuring handmade crafts, fashion, fresh produce, art, and artisan goods. Runs second Sunday of the month year-round. June 2026 edition noted on Shire markets page.",,3,True,/images/sourced/category-market-01.webp,False
mornington-tourist-railway-santa-specials,live,event,family-programs,Mornington Tourist Railway – Santa Specials,Moorooduc Railway Station,moorooduc,,2026-12-06,2026-12-20,annual,https://peninsulainsider.com.au/whats-on/mornington-tourist-railway-santa-specials/,https://morningtonrailway.org.au/,Special Christmas Santa train rides on Mornington Tourist Railway in December. Steam train journey with visit from Santa. Children can write letters to Santa posted to the North Pole. Christmas carols at Moorooduc Station. Family festive experience on a heritage steam railway.,,,True,,False
mornington-tourist-railway-school-holiday-special-runs,live,event,family-programs,Mornington Tourist Railway – School Holiday Special Runs,Moorooduc Railway Station,moorooduc,,2026-07-05,2026-07-05,one-off,https://peninsulainsider.com.au/whats-on/mornington-tourist-railway-school-holiday-special-runs/,https://morningtonrailway.org.au/,Heritage steam and diesel train rides at Mornington Tourist Railway. Special runs during school holidays and on select Sundays. 5km scenic journey between Moorooduc and Mornington. Vintage carriages. Kids and train enthusiasts of all ages. Moorooduc Station is also adjacent to the Moorooduc Station ,,,True,,False
mornington-wednesday-market-main-street-market,live,event,market,Mornington Wednesday Market (Main Street Market),Main Street Mornington,mornington,,2026-05-06,2027-04-28,weekly,https://peninsulainsider.com.au/whats-on/mornington-wednesday-market-main-street-market/,,"Victoria's longest-running street market – operating over 40 years every Wednesday on Main Street Mornington. 120+ stalls of handmade crafts, home-baked treats, home-grown plants and produce. Rain, hail or shine (high-wind policy applies). Vibrant weekly community gathering.",,,True,/images/sourced/category-market-01.webp,False
mornington-winter-music-festival-2026,live,event,live-music,Mornington Winter Music Festival 2026,Main Street Mornington (central precinct),mornington,,2026-06-05,2026-06-08,one-off,https://peninsulainsider.com.au/whats-on/mornington-winter-music-festival-2026/,https://www.morningtonmusicfestival.com.au,"Three-day live music festival over King's Birthday long weekend. 20+ venues across Mornington – bars, restaurants, churches and theatres hosting jazz, blues, soul, R&B and other genres. Street entertainment on Main Street with circus acts, stilt walkers, fire twirlers. FREE to $25 per gig. Full prog",,,True,,False
mothers-day-classic-moonah-links-2026,live,event,racing-sport,Mother's Day Classic 2026 — Peppers Moonah Links,Peppers Moonah Links Resort,,,2026-05-10,2026-05-10,annual,https://peninsulainsider.com.au/whats-on/mothers-day-classic-moonah-links-2026/,,"The Peninsula's clearest active Mother's Day morning: a community walk-run at Moonah Links with 2.5km, 7km and 15km options before the lunch bookings take over.",,4,True,/images/sourced/place-cape-schanck-01.webp,False
mprg-autumn-exhibition,live,event,exhibition,Mornington Peninsula Regional Gallery  -  Autumn Exhibition,,mornington,,2026-04-01,2026-06-30,seasonal,https://peninsulainsider.com.au/whats-on/mprg-autumn-exhibition/,https://mprg.mornpen.vic.gov.au,"The Peninsula's most serious public art institution, running a rotating autumn exhibition calendar that's quietly one of the best regional programmes in Victoria.",,,,/images/sourced/explore-mprg-01.webp,False
mt-eliza-farmers-market,live,event,market,Mt Eliza Farmers Market,Mt Eliza Village Precinct,,,2026-05-24,2026-05-24,monthly,https://peninsulainsider.com.au/whats-on/mt-eliza-farmers-market/,,"The only VFMA-accredited farmers market on the Mornington Peninsula. Only genuine farmers and specialty makers. Monthly on the 4th Sunday. Produce includes Flinders Sourdough, Mumma Made jams, Red Hill Apples, Blue Bay cheese. VFMA accreditation guarantees farm-gate authenticity.",,,True,,False
mt-martha-south-beach-market,live,event,market,Mt Martha South Beach Market,Mt Martha House and Lawn,mount-martha,,2026-06-08,2026-06-08,one-off,https://peninsulainsider.com.au/whats-on/mt-martha-south-beach-market/,,"Street food and makers market at Mt Martha House and Lawn with sweeping views over Port Phillip Bay. 60+ stalls of high-end goods including fashion, beauty, art, homewares, homemade goods and pet products. Multiple food vans. Held on Victorian public holidays.",,,True,,False
national-works-on-paper-2026-nwop,live,event,exhibition,National Works on Paper 2026 (NWOP),Mornington Peninsula Regional Gallery,mornington,,2026-09-05,2026-11-22,one-off,https://peninsulainsider.com.au/whats-on/national-works-on-paper-2026-nwop/,,"One of Australia's leading art awards and exhibitions. $20000 major acquisitive prize. Survey of contemporary art celebrating the medium of paper in all its forms – prints, drawings, collage, mixed media. Open Tue–Sun 11am–4pm. Free entry. Opening event with prize announcement.",,,True,,False
new-wave-26-at-mprg,live,event,exhibition,New Wave 26 at MPRG,Mornington Peninsula Regional Gallery,mornington,,2026-02-28,2026-05-31,one-off,https://peninsulainsider.com.au/whats-on/new-wave-26-at-mprg/,,Contemporary art exhibition at Mornington Peninsula Regional Gallery showcasing a new wave of Australian contemporary art practice. Open Tue–Sun 11am–4pm. Free entry.,,,True,,False
ninch-nabs-samples-seconds-makers-market,live,event,market,Ninch Nabs – Samples & Seconds Makers Market,The Village Church Mount Eliza,,,2026-06-13,2026-06-13,ongoing,https://peninsulainsider.com.au/whats-on/ninch-nabs-samples-seconds-makers-market/,,One-day samples and seconds makers market in Mount Eliza. Brings together local artists and small businesses offering handmade goods at accessible prices. Relaxed community atmosphere.,,5,True,,False
pearcedale-community-market,live,event,market,Pearcedale Community Market,Pearcedale Community Centre,,,2026-05-16,2026-05-16,monthly,https://peninsulainsider.com.au/whats-on/pearcedale-community-market/,,"Monthly community market at Pearcedale Community Centre, held on the 3rd Saturday of every month. Fresh locally baked bread, honey, jam, craft stalls, potted plants, food and coffee. Under shading eucalypts. Dog-friendly (on lead).",,,True,/images/sourced/article-red-hill-saturday-01.webp,False
peninsula-hot-springs-allara-briggs-pattison,live,event,live-music,Peninsula Hot Springs  -  Allara Briggs Pattison,peninsula-hot-springs,rye,,2026-05-02,2026-05-02,one-off,https://peninsulainsider.com.au/whats-on/peninsula-hot-springs-allara-briggs-pattison/,https://www.peninsulahotsprings.com/events,"A named live performance at Peninsula Hot Springs amphitheatre pool — contemporary folk from Yorta Yorta/Dja Dja Wurrung artist Allara Briggs Pattison, included with bathing.",,,,/images/sourced/spa-coastal-pool-01.webp,False
peninsula-hot-springs-bathe-in-cinema-thursdays,live,event,nature,Peninsula Hot Springs – Bathe-in Cinema (Thursdays),Peninsula Hot Springs Amphitheatre,rye,,2026-05-07,2026-07-31,weekly,https://peninsulainsider.com.au/whats-on/peninsula-hot-springs-bathe-in-cinema-thursdays/,https://www.peninsulahotsprings.com/events/,Thursday evening outdoor cinema sessions at Peninsula Hot Springs amphitheatre pool. Watch films from the thermal pools. Regular program runs May–July 2026. Film lineup TBC – check PHS events page.,,,False,/images/sourced/spa-coastal-pool-01.webp,False
peninsula-hot-springs-daily-studio-yoga,live,event,wellness,Peninsula Hot Springs Daily Studio Yoga,Peninsula Hot Springs,,,2026-05-01,2027-04-30,one-off,https://peninsulainsider.com.au/whats-on/peninsula-hot-springs-daily-studio-yoga/,https://www.peninsulahotsprings.com/bathe/wellness-activities,Daily 45-minute yoga class in the Wellness Studio at Peninsula Hot Springs. Guided by a qualified wellness host. Available to guests aged 16+. Optional add-on to bathing experience ($20 surcharge). Booking recommended before 9am or after 6pm.,,,False,/images/sourced/spa-dark-boutique-room-01.webp,False
peninsula-hot-springs-hot-springs-yoga-complimentary,live,event,wellness,Peninsula Hot Springs — Hot Springs Yoga (Complimentary),Peninsula Hot Springs,,,2026-05-01,2027-04-30,one-off,https://peninsulainsider.com.au/whats-on/peninsula-hot-springs-hot-springs-yoga-complimentary/,,Complimentary 25-minute outdoor yoga in the geothermal amphitheatre pools area at Peninsula Hot Springs. Open to all ages. Guided by a qualified wellness host. Included with bathing admission.,,,True,,False
peninsula-hot-springs-kodomo-no-hi,live,event,family-programs,Peninsula Hot Springs  -  Kodomo no Hi (Children's Day),peninsula-hot-springs,rye,,2026-05-09,2026-05-09,one-off,https://peninsulainsider.com.au/whats-on/peninsula-hot-springs-kodomo-no-hi/,https://www.peninsulahotsprings.com/events,"A Japanese cultural celebration at Peninsula Hot Springs — Kodomo no Hi (Children's Day) with family programming, cultural activities, and full-day bathing access.",,,,/images/sourced/article-kids-peninsula-01.webp,False
peninsula-hot-springs-sound-healing-sessions,live,event,live-music,Peninsula Hot Springs – Sound Healing Sessions,Peninsula Hot Springs,rye,,2026-05-01,2026-09-30,monthly,https://peninsulainsider.com.au/whats-on/peninsula-hot-springs-sound-healing-sessions/,https://www.peninsulahotsprings.com/events/,Monthly sound healing events at Peninsula Hot Springs throughout autumn and winter 2026. Immersive sound and thermal bathing experience. Check PHS events page for specific dates.,,,False,/images/sourced/spa-wellness-stones-01.webp,False
peninsula-hot-springs-sunday-sessions,live,event,live-music,Peninsula Hot Springs Sunday Sessions,Peninsula Hot Springs Amphitheatre,rye,,2026-05-03,2026-06-28,weekly,https://peninsulainsider.com.au/whats-on/peninsula-hot-springs-sunday-sessions/,https://www.peninsulahotsprings.com/events/,Live music every Sunday afternoon from the amphitheatre pool stage at Peninsula Hot Springs. Weekly lineup of named artists. Not a standalone ticketed concert – included with afternoon bathing session. Runs May–June 2026.,,,False,/images/sourced/spa-peninsula-hot-springs-hilltop-01.webp,False
peninsula-summer-music-festival-2027-save-the-date,live,event,live-music,Peninsula Summer Music Festival 2027 — Save the Date,Multiple venues across Mornington Peninsula,,,2027-01-02,2027-01-11,annual,https://peninsulainsider.com.au/whats-on/peninsula-summer-music-festival-2027-save-the-date/,https://www.peninsulafestival.com.au,"The Peninsula Summer Music Festival returns for 2027, confirmed as 'Save the Date' on the official festival website. Exact program, venues, and tickets not yet announced. The 2026 edition spanned 3–11 January across 18 events at wineries, churches, and outdoor venues across the Peninsula. Recurring ",,5,True,,False
peninsula-summer-music-festival-2027,live,event,live-music,Peninsula Summer Music Festival 2027,Multiple Peninsula venues – Flinders Civic Hall; Montalto; Port Phillip Estate; Peninsula Hot Springs; Main Ridge Estate; St John's Anglican Church Flinders,,,2027-01-02,2027-01-11,one-off,https://peninsulainsider.com.au/whats-on/peninsula-summer-music-festival-2027/,https://www.peninsulafestival.com.au,Annual summer music festival presented across multiple picturesque Peninsula venues. 2027 dates confirmed as 2–11 January 2027. Program TBC. 2026 edition featured 18 events: baroque opera; jazz (The Bamboos); classical guitar (Karin Schaupp); Ensemble Offspring; AYO Young Artists; Ensemble 642. Venu,,,True,,False
pier-10-mothers-day-lunch-2026,live,event,food-wine,Mother's Day Lunch at Pier 10,Pier 10,,,2026-05-10,2026-05-10,annual,https://peninsulainsider.com.au/whats-on/pier-10-mothers-day-lunch-2026/,,"A winery Mother's Day lunch in Shoreham, the simplest long-table version of the weekend if the brief is one booking and no extra choreography.",,4,True,/images/sourced/category-winery-02.webp,False
point-nepean-portsea-market,live,event,market,Point Nepean Portsea Market,Point Nepean National Park (Quarantine Station precinct),portsea,,2026-06-06,2026-06-06,one-off,https://peninsulainsider.com.au/whats-on/point-nepean-portsea-market/,,"Stunning artisan market set among historic buildings and tea trees in Point Nepean National Park. Everything sold is made or grown by stallholders. Artisan stalls, fresh produce, food vans, live music. Roads become pedestrian walkways during the market. No dogs (service dogs exempt). Shade limited; ",,,True,,False
polperro-cellar-table-private-dining-experience,live,event,food-wine,Polperro Cellar Table — Private Dining Experience,Polperro Winery Restaurant,red-hill,,2026-05-01,2027-04-30,one-off,https://peninsulainsider.com.au/whats-on/polperro-cellar-table-private-dining-experience/,,The most exclusive Polperro dining experience. The Cellar Table seats 6–8 guests in the private dining room below the winery. Five-course Chef's Menu rooted in provenance and seasonality paired with the latest Polperro and Even Keel cuvée releases. Sculptural lighting and intimate tablescape designe,,,False,/images/sourced/category-restaurant-01.webp,False
pt-leo-estate-sculpture-park,live,event,arts,Pt. Leo Estate Sculpture Park,Pt. Leo Estate Sculpture Park,merricks,,2026-05-01,2027-04-30,one-off,https://peninsulainsider.com.au/whats-on/pt-leo-estate-sculpture-park/,https://www.ptleoestate.com.au/experience/sculpture-park/,"Permanent outdoor sculpture park within 16.5 acres of landscaped grounds at Pt. Leo Estate winery. 1.9km short walk (30 min) or 3km long walk (60 min) through world-class contemporary sculpture. Open daily 11am–5pm (last entry 4:30pm). Entry $15 adult, $8 concession, $30 family.",,,True,/images/sourced/venue-pt-leo-sculpture-01.webp,False
red-hill-brewery-secret-stash-weekend,live,event,food-wine,Red Hill Brewery Secret Stash Weekend,Red Hill Brewery,red-hill,,2026-08-15,2026-08-16,annual,https://peninsulainsider.com.au/whats-on/red-hill-brewery-secret-stash-weekend/,https://www.redhillbrewery.com.au/category/events/,"Annual festival of vintage, rare and limited-release beers at Red Hill Brewery. Head Brewer David Golding hosts guided vertical tastings pulled from the cellar including Imperial Stout; Pancho Mole Imperial Stout; Christmas Ale; Temptation and Mulled Mead. Regular tasting sessions scheduled across t",,,True,,False
red-hill-market-first-saturday,live,event,market,"Red Hill Market  -  First Saturday, Every Month",red-hill-market,red-hill,,2026-06-06,2026-06-06,monthly,https://peninsulainsider.com.au/whats-on/red-hill-market-first-saturday/,https://www.redhillmarket.com.au,"Victoria's largest artisan craft market. 200+ stalls, the whole ridge in one place, and a morning that pulls the entire Peninsula into orbit.",,,,/images/sourced/article-red-hill-saturday-01.webp,False
red-hill-truffles-winter-truffle-hunt-season,live,event,nature,Red Hill Truffles — Winter Truffle Hunt Season,Red Hill Truffles,main-ridge,,2026-05-30,2026-09-30,one-off,https://peninsulainsider.com.au/whats-on/red-hill-truffles-winter-truffle-hunt-season/,https://redhilltruffles.com/hunts,Red Hill Truffles (Mornington Peninsula's first truffle producer) offers guided public truffle hunts throughout winter. Options: Truffle Hunt & Pizza ($189pp; 3hrs); Truffle Hunt x Max's Restaurant at Red Hill Estate ($217pp; includes 2-course lunch); Truffle Hunt & Gourmet Lunch at The Epicurean Re,,,True,/images/sourced/category-producer-02.webp,False
restore-pamper-retreat-at-polperro-farmhouse,live,event,wellness,Restore & Pamper Retreat at Polperro Farmhouse,Polperro Farmhouse (Polperro Winery Estate),red-hill,,2026-05-01,2027-04-30,one-off,https://peninsulainsider.com.au/whats-on/restore-pamper-retreat-at-polperro-farmhouse/,,"Immersive 3-day 2-night wellness retreat at Polperro Farmhouse, Red Hill. Incorporates yoga (outdoor in summer; studio in winter); massage (Peninsula Hot Springs Spa Dreaming Centre or Endota Red Hill); acupressure workshop ($300 group); and Peninsula juice cleanse ($55 pp/day). Set in Polperro's bi",,,False,/images/sourced/spa-treatment-room-rose-01.webp,False
rocky-road-festival-mornington-peninsula-chocolaterie,live,event,food-wine,Rocky Road Festival – Mornington Peninsula Chocolaterie,Mornington Peninsula Chocolaterie and Ice Creamery,flinders,,2026-05-01,2026-05-31,annual,https://peninsulainsider.com.au/whats-on/rocky-road-festival-mornington-peninsula-chocolaterie/,https://www.simpletix.com/e/rocky-road-festival-tasting-session-2026-tickets-270471,"Month-long Rocky Road Festival at Mornington Peninsula Chocolaterie and Ice Creamery in Flinders. 31 limited-edition rocky road flavours throughout May 2026. Hosted tasting sessions every Sunday in May ($28pp). Free general entry with chocolate showroom and pick-and-mix. Vegan, gluten-friendly and n",,,True,/images/sourced/category-cafe-02.webp,False
rocky-road-festival-tasting-sessions,live,event,live-music,Rocky Road Festival Tasting Sessions,Mornington Peninsula Chocolaterie & Ice Creamery,flinders,,2026-05-03,2026-05-31,weekly,https://peninsulainsider.com.au/whats-on/rocky-road-festival-tasting-sessions/,https://www.simpletix.com/e/rocky-road-festival-tasting-session-2026-tickets-270471,Monthly festival at Mornington Peninsula Chocolaterie (Flinders). Sample 8 Rocky Road Festival flavours; enjoy a Rocky Road hot chocolate and ice cream; then create your own rocky road to take home. Every Sunday in May at 11am / 12pm / 1.30pm sessions. Limited spots.,,,True,/images/sourced/category-producer-03.webp,False
shoreham-community-market,live,event,market,Shoreham Community Market,Shoreham Tennis Club Reserve,shoreham,,2026-05-17,2026-05-17,monthly,https://peninsulainsider.com.au/whats-on/shoreham-community-market/,,"A simple, locally run monthly market celebrating community, connection and creation. Located next to Shoreham Tennis Club. Features arts, crafts, music, food and community activities. Yoga classes and children's activities also available on-site. Dog-friendly.",,,True,/images/sourced/article-picnic-01.webp,False
soil-cellar-flinders-truffles-x-polperro-winery,live,event,food-wine,Soil & Cellar: Flinders Truffles x Polperro Winery,Flinders Truffles (hunt) / Polperro Winery Restaurant (dinner),,,2026-07-25,2026-07-25,one-off,https://peninsulainsider.com.au/whats-on/soil-cellar-flinders-truffles-x-polperro-winery/,,"Two-part winter experience: guided truffle hunt at Flinders Truffles farm (1900 Mornington-Flinders Road, Flinders) from 2pm–5pm; followed by a truffle-matched dinner with matched Polperro wines at Polperro Winery Restaurant from 6:30pm. Collaboration between Flinders Truffles and winemaker Sam Cove",,,False,,False
songs-of-dreams-and-destiny,live,event,arts,Songs of Dreams and Destiny,,mornington,,2026-05-31,2026-05-31,one-off,https://peninsulainsider.com.au/whats-on/songs-of-dreams-and-destiny/,https://www.mornpen.vic.gov.au/Events-Activities/Songs-of-Dreams-and-Destiny,"An afternoon concert at Peninsula Community Theatre, Mornington — choral and orchestral programming, 2:30pm to 4:15pm.",,,,/images/sourced/explore-mornington-foreshore-01.webp,False
sorrento-solstice-festival-2026,live,event,festival,Sorrento Solstice Festival 2026,Sorrento Village and Foreshore,sorrento,,2026-06-20,2026-06-21,one-off,https://peninsulainsider.com.au/whats-on/sorrento-solstice-festival-2026/,https://events.humanitix.com/sorrento-solstice-festival,Free annual winter solstice festival on Sorrento Foreshore. Two stages of live music and DJs. Fire performers and 6-metre handcrafted burning effigy on the bay at 6:30pm. Illuminated lantern path. Projection art on historic buildings. Food trucks. Local producers beer and wine. Silent disco. Sound h,,,True,,False
sorrento-solstice-festival-fire-night,live,event,festival,Sorrento Solstice Festival (Fire Night),Sorrento Foreshore,sorrento,,2026-06-20,2026-06-20,annual,https://peninsulainsider.com.au/whats-on/sorrento-solstice-festival-fire-night/,https://sorrentosolstice.com.au,"Free all-ages community festival on the Sorrento Foreshore celebrating the winter solstice. Centrepiece is the ceremonial burning of a handcrafted 6-metre effigy ('Bernie') at 6:30 pm on the bay. Includes fire and light installations, acoustic and main stage music, illuminated Australian animal lant",,5,True,,False
sorrento-writers-festival-2026,live,event,writers-ideas,Sorrento Writers Festival 2026,,sorrento,,2026-04-23,2026-04-26,annual,https://peninsulainsider.com.au/whats-on/sorrento-writers-festival-2026/,https://sorrentowritersfestival.com.au,Four days of Australia's sharpest writers in a weatherboard village at the tip of the Peninsula  -  the one festival worth planning a whole weekend around.,,,,/images/sourced/explore-mprg-01.webp,False
soul-night-market-mornington,live,event,market,Soul Night Market – Mornington,Peninsula Community Theatre,mornington,,2026-06-12,2026-06-12,monthly,https://peninsulainsider.com.au/whats-on/soul-night-market-mornington/,,"Evening street food and makers market at Peninsula Community Theatre precinct, Mornington. Features local food vendors, artisan makers, live music.",,,True,,False
soul-night-market-sorrento-beach,live,event,market,Soul Night Market – Sorrento Beach,Sorrento Beach,sorrento,,2026-05-22,2026-05-22,monthly,https://peninsulainsider.com.au/whats-on/soul-night-market-sorrento-beach/,,"Evening street food and makers market on Sorrento Beach. Features local food stalls, artisan makers, night atmosphere on the foreshore. Monthly during warmer months.",,,True,,False
sound-circle-full-moon-sound-journey-at-peninsula-hot-springs,live,event,wellness,Sound Circle — Full Moon Sound Journey at Peninsula Hot Springs,Peninsula Hot Springs (Wellness Studio),,,2026-05-01,2027-04-30,monthly,https://peninsulainsider.com.au/whats-on/sound-circle-full-moon-sound-journey-at-peninsula-hot-springs/,https://www.eventbrite.com.au/e/sound-circle-full-moon-sound-journey-at-peninsula-hot-springs-tickets-1967238998802,Deeply relaxing full moon sound journey at Peninsula Hot Springs Wellness Studio; followed by geothermal hot springs bathing. $150 all-inclusive: sound journey (approx 90 min); grounding with superfood balls and herbal tea; geothermal hot springs access from 12pm. Hosted by Sound Circle (Lucy Ennis),,,False,/images/sourced/spa-peninsula-hot-springs-hilltop-01.webp,False
stonier-fire-wine-winter-lunch,live,event,food-wine,Stonier Fire & Wine Winter Lunch,Stonier Wines,merricks,,2026-08-09,2026-08-09,annual,https://peninsulainsider.com.au/whats-on/stonier-fire-wine-winter-lunch/,,Stonier's annual winter party luncheon with food cooked over the coals and new release wines. Expect fires; live performances; masterclasses and winery tours. Chef for 2026 not yet announced (previous editions: MoVida; Farmer's Daughters). Always sells out quickly. Discounted tickets for KBS Wine Cl,,,False,,False
stonier-pies-pinot-king-s-birthday-weekend,live,event,cellar-door,Stonier Pies & Pinot (King's Birthday Weekend),Stonier Wines,merricks,,2026-06-06,2026-06-08,annual,https://peninsulainsider.com.au/whats-on/stonier-pies-pinot-king-s-birthday-weekend/,,Annual revival of the Stonier tradition: Pinot Noir duck pies; Chardonnay chicken pies; Chardonnay mushroom & tarragon pies made by Millers Bread Kitchen / Peninsula Backhouse. Available all weekend alongside new release 2025 Pinot Noir. See you by the fire. No bookings required.,,,True,/images/sourced/category-winery-06.webp,False
stonier-vineyard-tours-new-release-pinot-tasting,live,event,food-wine,Stonier Vineyard Tours & New Release Pinot Tasting,Stonier Wines,merricks,,2026-06-07,2026-06-08,one-off,https://peninsulainsider.com.au/whats-on/stonier-vineyard-tours-new-release-pinot-tasting/,,Winemakers and owners host pre-booked vineyard tours and in-depth tastings of the new release 2025 Pinot Noir over the King's Birthday Weekend. Four sessions across Sunday 7 June and Monday 8 June. A rare opportunity to see the property with the people who farm it and taste the 2025 vintage on its f,,,False,/images/sourced/category-winery-08.webp,False
sunny-ridge-strawberry-picking,live,event,family-programs,Sunny Ridge Strawberry Farm  -  School Holiday Picking,sunny-ridge-strawberry-farm,main-ridge,,2026-04-10,2026-04-27,seasonal,https://peninsulainsider.com.au/whats-on/sunny-ridge-strawberry-picking/,https://sunnyridge.com.au,"The Peninsula's most reliably kid-proof outing. Rows of strawberries, a tractor ride, a box to fill, and a cafe that deals in volume at the other end.",,,,/images/sourced/category-producer-03.webp,False
sustainable-house-day-2026,live,event,community,Sustainable House Day 2026,,mornington,,2026-05-17,2026-05-17,annual,https://peninsulainsider.com.au/whats-on/sustainable-house-day-2026/,https://sustainablehouseday.com/,"Multiple Peninsula homes open to the public — Bittern, Safety Beach, Rye, plus the Eco Living Display Centre at The Briars.",,,,/images/sourced/place-safety-beach-01.webp,False
tall-poppy-melbourne-design-week-exhibition,live,event,exhibition,"Tall Poppy, the first Melbourne Design Week exhibition on the Peninsula",Kelli Lundberg Art @ The Studio & Co.,,,2026-04-29,2026-06-07,one-off,https://peninsulainsider.com.au/whats-on/tall-poppy-melbourne-design-week-exhibition/,,"Fifteen Australian designers and makers, curated by Tiffany Jade, at Kelli Lundberg Art in Moorooduc. The exhibition the gallery believes is the first time NGV's Melbourne Design Week has programmed on the Mornington Peninsula. 29 April to 7 June, free entry.",,4,False,,False
ten-minutes-by-tractor-terroir-masterclass,live,event,food-wine,Ten Minutes by Tractor — Terroir Masterclass,Ten Minutes by Tractor Cellar Door,main-ridge,,2026-05-01,2027-04-30,one-off,https://peninsulainsider.com.au/whats-on/ten-minutes-by-tractor-terroir-masterclass/,https://www.tenminutesbytractor.com.au/Experiences/Terroir-Masterclass,Intimate one-hour masterclass in the private tasting room exploring the unique terroir of the sub-regional Mornington Peninsula. Covers vineyard sites; individual characteristics; history of TMBT; and the region's cool-climate conditions for Pinot Noir and Chardonnay. Includes eight wines: two limit,,,False,/images/sourced/category-restaurant-03.webp,False
the-bloody-long-walk-mornington-peninsula-2026,live,event,racing-sport,The Bloody Long Walk – Mornington Peninsula 2026,Point Nepean National Park (Quarantine Station start),portsea,,2026-10-25,2026-10-25,one-off,https://peninsulainsider.com.au/whats-on/the-bloody-long-walk-mornington-peninsula-2026/,https://www.bloodylongwalk.com.au/lp/mornington-peninsula/,35km scenic charity walk from Point Nepean National Park Quarantine Station to Martha Cove Marina. Raises funds for Mito (mitochondrial disease research). Walk jog or run. Spectacular coastal scenery. Limited spots.,,,False,,False
the-enchanted-market-at-the-briars,live,event,market,The Enchanted Market at The Briars,The Briars,mount-martha,,2026-05-31,2026-05-31,one-off,https://peninsulainsider.com.au/whats-on/the-enchanted-market-at-the-briars/,,"Vibrant family-friendly market in the scenic Briars nature reserve at Mount Martha. Showcases homemade and homegrown goods, regional produce and handcrafted items from passionate stallholders. Set in a wildlife reserve with walking trails, boardwalks and native wildlife.",,,True,,False
tootgarook-primary-school-market,live,event,market,Tootgarook Primary School Market,Tootgarook Primary School,,,2026-05-23,2026-05-23,monthly,https://peninsulainsider.com.au/whats-on/tootgarook-primary-school-market/,,Family-friendly market run by Tootgarook Primary School. 250 stalls with something for everyone. Held on the 4th Saturday of the month. Raises funds for the primary school.,,5,True,,False
trace-duo-exhibition-at-lander-se,live,event,exhibition,TRACE Duo Exhibition at Lander-Se,Lander-Se,,,2026-04-25,2026-05-31,one-off,https://peninsulainsider.com.au/whats-on/trace-duo-exhibition-at-lander-se/,,Duo exhibition at Lander-Se gallery on the Mornington Peninsula. Two artists presenting works in dialogue. Gallery open regular hours.,,,True,,False
trace-duo-exhibition,live,event,exhibition,'TRACE' Duo Exhibition,Lander—Se Gallery,,,2026-04-25,2026-05-31,seasonal,https://peninsulainsider.com.au/whats-on/trace-duo-exhibition/,,Duo exhibition by two artists at Lander—Se gallery. Runs daily except Tuesdays and Wednesdays. Exhibition overlaps with May 2026 window.,,2,True,,False
wild-mushroom-forage-lunch-with-the-kitchen,live,event,food-wine,Wild Mushroom Forage & Lunch with The Kitchen,Red Hill & Main Ridge forests,,,2026-05-09,2026-05-30,weekly,https://peninsulainsider.com.au/whats-on/wild-mushroom-forage-lunch-with-the-kitchen/,,"Guided wild mushroom foraging through the forests of Red Hill and Main Ridge. Led by an experienced guide (15+ years autumn foraging). Learn to identify two edible wild mushrooms found locally; responsible harvesting; forest cook-up: butter, herbs, warm pan, good bread. Max 15 participants per sessi",,,False,/images/sourced/category-producer-01.webp,False
winter-camp-2026-the-ranch,live,event,family-programs,Winter Camp 2026 – The Ranch,The Ranch Mornington Peninsula,,,2026-06-30,2026-07-02,annual,https://peninsulainsider.com.au/whats-on/winter-camp-2026-the-ranch/,https://www.theranchmp.com.au/camps-holiday-programs/holiday-camp/,"Three-day residential winter holiday camp at The Ranch Mornington Peninsula. For young adventurers (ages 8+). Activities: mountainboarding, giant swing, flying fox, horse riding, bush cooking, night hike under the stars. Residential camp in snug cabins with hearty meals. Focus on wellbeing, resilien",,,True,/images/sourced/article-kids-peninsula-01.webp,False
winter-wine-weekend-full-3-day-peninsula-program,live,event,food-wine,Winter Wine Weekend — Full 3-Day Peninsula Program,Various wineries across Mornington Peninsula,,,2026-06-06,2026-06-08,annual,https://peninsulainsider.com.au/whats-on/winter-wine-weekend-full-3-day-peninsula-program/,,The full three-day King's Birthday Winter Wine Weekend (Sat 6 – Mon 8 June 2026). Saturday features the Winter Wine Festival at Red Hill Showgrounds ($90 general admission). Sunday and Monday involve self-guided cellar door visits; long lunches; masterclasses and special events across dozens of wine,,,False,/images/sourced/category-winery-02.webp,False
winter-wine-weekend-june,live,event,cellar-door,Mornington Peninsula Winter Wine Weekend,,red-hill,,2026-06-06,2026-06-08,annual,https://peninsulainsider.com.au/whats-on/winter-wine-weekend-june/,https://www.mpva.com.au,"The region's winter cellar-door weekend  -  fires lit, whites cellared, and the one time of year you can walk into the top 20 wineries without an appointment.",,,,/images/sourced/wine-hub-hero-01.webp,False
winter-wine-weekend-winter-wine-festival-red-hill-showgrounds,live,event,food-wine,Winter Wine Weekend — Winter Wine Festival (Red Hill Showgrounds),Red Hill Showgrounds,red-hill,,2026-06-06,2026-06-06,annual,https://peninsulainsider.com.au/whats-on/winter-wine-weekend-winter-wine-festival-red-hill-showgrounds/,https://events.humanitix.com/winter-wine-festival,Centrepiece of the Mornington Peninsula Winter Wine Weekend. Held at the Pavilions of Red Hill Showgrounds over the King's Birthday long weekend. Taste 35+ Mornington Peninsula wineries and 150+ wines in one place. Ticket includes Riedel tasting glass and all wine tastings. Masterclass upgrade avail,,,False,,False
youth-services-school-holiday-program,live,event,family-programs,Youth Services School Holiday Program,Multiple Youth Hubs: Shed 11 (Hastings); The Corner (Mornington); Y Lounge (Rosebud); Somerville Rec Centre,,,2026-07-01,2026-07-10,ongoing,https://peninsulainsider.com.au/whats-on/youth-services-school-holiday-program/,,"Free school holiday program for young people aged 10–17 at three Youth Hubs across the peninsula. Led by qualified youth workers. Daily activities including free wifi, video games, pool tables, art supplies, games and food. Weekly excursions with limited places (expression of interest required). Ope",,,True,,False
